{
  "0": {
    "neutral": 1620,
    "plus_90": 2690,
    "minus_90": 600,
    "direction": 1
  },
  "1": {
    "neutral": 1550,
    "plus_90": 2270,
    "minus_90": 910,
    "direction": -1
  },
  "2": {
    "neutral": 1500,
    "plus_90": 530,
    "minus_90": 2540,
    "direction": -1,
    "zero_offset_deg": 43.88059701492538
  },
  "3": {
    "neutral": 1540,
    "plus_90": 530,
    "minus_90": 2510,
    "direction": -1
  },
  "4": {
    "neutral": 1570,
    "plus_90": 550,
    "minus_90": 2560,
    "direction": 1
  },
  "5": {
    "neutral": 1450,
    "plus_90": 2490,
    "minus_90": 560,
    "direction": 1
  },
  "6": {
    "neutral": 1400,
    "plus_90": 400,
    "minus_90": 2360,
    "direction": -1,
    "zero_offset_deg": 44.08163265306122
  },
  "7": {
    "neutral": 1580,
    "plus_90": 500,
    "minus_90": 2530,
    "direction": -1
  },
  "8": {
    "neutral": 1470,
    "plus_90": 440,
    "minus_90": 2500,
    "direction": 1
  },
  "9": {
    "neutral": 1440,
    "plus_90": 2450,
    "minus_90": 420,
    "direction": -1
  },
  "10": {
    "neutral": 1540,
    "plus_90": 550,
    "minus_90": 2550,
    "direction": -1,
    "zero_offset_deg": 43.2
  },
  "11": {
    "neutral": 1550,
    "plus_90": 530,
    "minus_90": 2560,
    "direction": -1
  },
  "12": {
    "neutral": 1520,
    "plus_90": 510,
    "minus_90": 2530,
    "direction": 1
  },
  "13": {
    "neutral": 1420,
    "plus_90": 390,
    "minus_90": 2410,
    "direction": 1
  },
  "14": {
    "neutral": 1520,
    "plus_90": 2490,
    "minus_90": 460,
    "direction": 1,
    "zero_offset_deg": 44.33497536945813
  },
  "15": {
    "neutral": 1590,
    "plus_90": 2580,
    "minus_90": 610,
    "direction": 1
  },
  "16": {
    "neutral": 1550,
    "plus_90": 500,
    "minus_90": 2560,
    "direction": 1
  },
  "17": {
    "neutral": 1450,
    "plus_90": 450,
    "minus_90": 2450,
    "direction": 1
  },
  "18": {
    "neutral": 1660,
    "plus_90": 2620,
    "minus_90": 660,
    "direction": 1,
    "zero_offset_deg": 45.0
  },
  "19": {
    "neutral": 1690,
    "plus_90": 2670,
    "minus_90": 640,
    "direction": 1
  },
  "20": {
    "neutral": 1500,
    "plus_90": 470,
    "minus_90": 2500,
    "direction": 1
  },
  "21": {
    "neutral": 1500,
    "plus_90": 480,
    "minus_90": 2530,
    "direction": 1
  },
  "22": {
    "neutral": 1520,
    "plus_90": 2560,
    "minus_90": 520,
    "direction": 1,
    "zero_offset_deg": 45.88235294117647
  },
  "23": {
    "neutral": 1480,
    "plus_90": 2500,
    "minus_90": 470,
    "direction": 1
  }
}